Sample,source,community,days,filtered
SRR9953690,bittleston_M01,bittleston_M01_filtered,6,filtered
SRR9953692,bittleston_M04,bittleston_M04_filtered,24,filtered
SRR9953695,bittleston_M01,bittleston_M01_filtered,12,filtered
SRR9953697,bittleston_M10,bittleston_M10_unfiltered,18,unfiltered
SRR9953699,bittleston_M08,bittleston_M08_unfiltered,60,unfiltered
SRR9953702,bittleston_M07,bittleston_M07_unfiltered,18,unfiltered
SRR9953704,bittleston_M07,bittleston_M07_unfiltered,27,unfiltered
SRR9953706,bittleston_M07,bittleston_M07_unfiltered,24,unfiltered
SRR9953708,bittleston_M05,bittleston_M05_filtered,6,filtered
SRR9953710,bittleston_M05,bittleston_M05_filtered,9,filtered
SRR9953712,bittleston_M04,bittleston_M04_unfiltered,63,unfiltered
SRR9953713,bittleston_M04,bittleston_M04_filtered,63,filtered
SRR9953716,bittleston_M10,bittleston_M10_filtered,18,filtered
SRR9953718,bittleston_M05,bittleston_M05_unfiltered,12,unfiltered
SRR9953720,bittleston_M05,bittleston_M05_unfiltered,15,unfiltered
SRR9953722,bittleston_M05,bittleston_M05_unfiltered,18,unfiltered
SRR9953724,bittleston_M05,bittleston_M05_unfiltered,21,unfiltered
SRR9953726,bittleston_M05,bittleston_M05_unfiltered,24,unfiltered
SRR9953727,bittleston_M05,bittleston_M05_filtered,27,filtered
SRR9953729,bittleston_M02,bittleston_M02_filtered,24,filtered
SRR9953731,bittleston_M02,bittleston_M02_filtered,18,filtered
SRR9953733,bittleston_M02,bittleston_M02_filtered,21,filtered
SRR9953735,bittleston_M02,bittleston_M02_filtered,12,filtered
SRR9953736,bittleston_M02,bittleston_M02_unfiltered,15,unfiltered
SRR9953737,bittleston_M02,bittleston_M02_filtered,15,filtered
SRR9953738,bittleston_M09,bittleston_M09_filtered,18,filtered
SRR9953741,bittleston_M09,bittleston_M09_unfiltered,18,unfiltered
SRR9953742,bittleston_M09,bittleston_M09_filtered,12,filtered
SRR9953743,bittleston_M07,bittleston_M07_filtered,63,filtered
SRR9953745,bittleston_M09,bittleston_M09_unfiltered,12,unfiltered
SRR9953747,bittleston_M07,bittleston_M07_filtered,57,filtered
SRR9953749,bittleston_M07,bittleston_M07_filtered,60,filtered
SRR9953750,bittleston_M07,bittleston_M07_unfiltered,48,unfiltered
SRR9953751,bittleston_M09,bittleston_M09_unfiltered,21,unfiltered
SRR9953756,bittleston_M04,bittleston_M04_unfiltered,6,unfiltered
SRR9953758,bittleston_M04,bittleston_M04_unfiltered,9,unfiltered
SRR9953760,bittleston_M04,bittleston_M04_unfiltered,12,unfiltered
SRR9953762,bittleston_M04,bittleston_M04_unfiltered,15,unfiltered
SRR9953763,bittleston_M04,bittleston_M04_filtered,15,filtered
SRR9953765,bittleston_M05,bittleston_M05_unfiltered,39,unfiltered
SRR9953767,bittleston_M06,bittleston_M06_filtered,21,filtered
SRR9953769,bittleston_M09,bittleston_M09_unfiltered,57,unfiltered
SRR9953770,bittleston_M09,bittleston_M09_filtered,60,filtered
SRR9953775,bittleston_M09,bittleston_M09_unfiltered,60,unfiltered
SRR9953777,bittleston_M06,bittleston_M06_unfiltered,15,unfiltered
SRR9953779,bittleston_M06,bittleston_M06_unfiltered,18,unfiltered
SRR9953782,bittleston_M06,bittleston_M06_filtered,9,filtered
SRR9953784,bittleston_M06,bittleston_M06_filtered,12,filtered
SRR9953786,bittleston_M04,bittleston_M04_filtered,27,filtered
SRR9953790,bittleston_M04,bittleston_M04_filtered,21,filtered
SRR9953792,bittleston_M04,bittleston_M04_filtered,30,filtered
SRR9953793,bittleston_M04,bittleston_M04_unfiltered,30,unfiltered
SRR9953795,bittleston_M01,bittleston_M01_unfiltered,15,unfiltered
SRR9953798,bittleston_M01,bittleston_M01_filtered,24,filtered
SRR9953800,bittleston_M01,bittleston_M01_filtered,27,filtered
SRR9953802,bittleston_M01,bittleston_M01_filtered,30,filtered
SRR9953804,bittleston_M08,bittleston_M08_unfiltered,27,unfiltered
SRR9953806,bittleston_M08,bittleston_M08_unfiltered,15,unfiltered
SRR9953807,bittleston_M08,bittleston_M08_filtered,15,filtered
SRR9953808,bittleston_M08,bittleston_M08_unfiltered,18,unfiltered
SRR9953809,bittleston_M08,bittleston_M08_filtered,18,filtered
SRR9953815,bittleston_M07,bittleston_M07_filtered,30,filtered
SRR9953816,bittleston_M03,bittleston_M03_unfiltered,3,unfiltered
SRR9953817,bittleston_M03,bittleston_M03_filtered,6,filtered
SRR9953818,bittleston_M02,bittleston_M02_filtered,60,filtered
SRR9953819,bittleston_M02,bittleston_M02_unfiltered,60,unfiltered
SRR9953821,bittleston_M02,bittleston_M02_unfiltered,57,unfiltered
SRR9953823,bittleston_M03,bittleston_M03_filtered,3,filtered
SRR9953825,bittleston_M02,bittleston_M02_unfiltered,63,unfiltered
SRR9953827,bittleston_M07,bittleston_M07_filtered,33,filtered
SRR9953829,bittleston_M10,bittleston_M10_filtered,27,filtered
SRR9953831,bittleston_M10,bittleston_M10_filtered,30,filtered
SRR9953833,bittleston_M09,bittleston_M09_filtered,39,filtered
SRR9953836,bittleston_M09,bittleston_M09_unfiltered,30,unfiltered
SRR9953838,bittleston_M09,bittleston_M09_unfiltered,33,unfiltered
SRR9953840,bittleston_M09,bittleston_M09_unfiltered,24,unfiltered
SRR9953842,bittleston_M09,bittleston_M09_unfiltered,27,unfiltered
SRR9953844,bittleston_M10,bittleston_M10_unfiltered,60,unfiltered
SRR9953846,bittleston_M07,bittleston_M07_unfiltered,3,unfiltered
SRR9953848,bittleston_M07,bittleston_M07_unfiltered,6,unfiltered
SRR9953849,bittleston_M07,bittleston_M07_filtered,12,filtered
SRR9953851,bittleston_M07,bittleston_M07_filtered,15,filtered
SRR9953853,bittleston_M07,bittleston_M07_filtered,18,filtered
SRR9953857,bittleston_M03,bittleston_M03_unfiltered,27,unfiltered
SRR9953859,bittleston_M03,bittleston_M03_unfiltered,30,unfiltered
SRR9953860,bittleston_M03,bittleston_M03_filtered,33,filtered
SRR9953862,bittleston_M06,bittleston_M06_filtered,0,filtered
SRR9953864,bittleston_M06,bittleston_M06_unfiltered,3,unfiltered
SRR9953868,bittleston_M05,bittleston_M05_filtered,63,filtered
SRR9953869,bittleston_M05,bittleston_M05_filtered,39,filtered
SRR9953871,bittleston_M05,bittleston_M05_filtered,36,filtered
SRR9953873,bittleston_M06,bittleston_M06_filtered,6,filtered
SRR9953874,bittleston_M06,bittleston_M06_unfiltered,6,unfiltered
SRR9953875,bittleston_M05,bittleston_M05_filtered,30,filtered
SRR9953876,bittleston_M05,bittleston_M05_unfiltered,27,unfiltered
SRR9953877,bittleston_M10,bittleston_M10_filtered,3,filtered
SRR9953878,bittleston_M02,bittleston_M02_filtered,9,filtered
SRR9953879,bittleston_M02,bittleston_M02_unfiltered,9,unfiltered
SRR9953881,bittleston_M02,bittleston_M02_unfiltered,6,unfiltered
SRR9953883,bittleston_M02,bittleston_M02_unfiltered,3,unfiltered
SRR9953888,bittleston_M08,bittleston_M08_filtered,30,filtered
SRR9953890,bittleston_M07,bittleston_M07_filtered,48,filtered
SRR9953891,bittleston_M08,bittleston_M08_unfiltered,33,unfiltered
SRR9953893,bittleston_M08,bittleston_M08_unfiltered,36,unfiltered
SRR9953894,bittleston_M08,bittleston_M08_filtered,39,filtered
SRR9953895,bittleston_M08,bittleston_M08_unfiltered,39,unfiltered
SRR9953897,bittleston_M07,bittleston_M07_unfiltered,36,unfiltered
SRR9953898,bittleston_M07,bittleston_M07_filtered,36,filtered
SRR9953900,bittleston_M07,bittleston_M07_filtered,45,filtered
SRR9953902,bittleston_M07,bittleston_M07_filtered,42,filtered
SRR9953904,bittleston_M08,bittleston_M08_filtered,42,filtered
SRR9953906,bittleston_M07,bittleston_M07_filtered,0,filtered
SRR9953908,bittleston_M10,bittleston_M10_unfiltered,9,unfiltered
SRR9953910,bittleston_M10,bittleston_M10_unfiltered,12,unfiltered
SRR9953912,bittleston_M10,bittleston_M10_unfiltered,15,unfiltered
SRR9953914,bittleston_M06,bittleston_M06_filtered,54,filtered
SRR9953916,bittleston_M06,bittleston_M06_filtered,57,filtered
SRR9953918,bittleston_M06,bittleston_M06_filtered,60,filtered
SRR9953919,bittleston_M06,bittleston_M06_unfiltered,60,unfiltered
SRR9953921,bittleston_M06,bittleston_M06_unfiltered,63,unfiltered
SRR9953924,bittleston_M04,bittleston_M04_unfiltered,33,unfiltered
SRR9953926,bittleston_M04,bittleston_M04_unfiltered,42,unfiltered
SRR9953928,bittleston_M04,bittleston_M04_unfiltered,39,unfiltered
SRR9953930,bittleston_M04,bittleston_M04_unfiltered,45,unfiltered
SRR9953932,bittleston_M02,bittleston_M02_unfiltered,51,unfiltered
SRR9953934,bittleston_M02,bittleston_M02_unfiltered,48,unfiltered
SRR9953936,bittleston_M02,bittleston_M02_unfiltered,45,unfiltered
SRR9953938,bittleston_M02,bittleston_M02_unfiltered,42,unfiltered
SRR9953939,bittleston_M02,bittleston_M02_filtered,42,filtered
SRR9953941,bittleston_M02,bittleston_M02_filtered,54,filtered
SRR9953943,bittleston_M09,bittleston_M09_unfiltered,51,unfiltered
SRR9953944,bittleston_M09,bittleston_M09_filtered,45,filtered
SRR9953947,bittleston_M09,bittleston_M09_unfiltered,39,unfiltered
SRR9953949,bittleston_M09,bittleston_M09_unfiltered,48,unfiltered
SRR9953951,bittleston_M09,bittleston_M09_unfiltered,45,unfiltered
SRR9953952,bittleston_M04,bittleston_M04_filtered,60,filtered
SRR9953953,bittleston_M04,bittleston_M04_unfiltered,60,unfiltered
SRR9953954,bittleston_M04,bittleston_M04_filtered,48,filtered
SRR9953955,bittleston_M04,bittleston_M04_unfiltered,48,unfiltered
SRR9953956,bittleston_M03,bittleston_M03_filtered,48,filtered
SRR9953957,bittleston_M03,bittleston_M03_unfiltered,45,unfiltered
SRR9953958,bittleston_M03,bittleston_M03_filtered,45,filtered
SRR9953959,bittleston_M03,bittleston_M03_unfiltered,42,unfiltered
SRR9953960,bittleston_M03,bittleston_M03_filtered,42,filtered
SRR9953961,bittleston_M03,bittleston_M03_unfiltered,39,unfiltered
SRR9953962,bittleston_M03,bittleston_M03_filtered,39,filtered
SRR9953963,bittleston_M03,bittleston_M03_unfiltered,36,unfiltered
SRR9953964,bittleston_M03,bittleston_M03_filtered,51,filtered
SRR9953965,bittleston_M03,bittleston_M03_unfiltered,48,unfiltered
SRR9953966,bittleston_M05,bittleston_M05_filtered,48,filtered
SRR9953967,bittleston_M05,bittleston_M05_unfiltered,45,unfiltered
SRR9953968,bittleston_M05,bittleston_M05_filtered,45,filtered
SRR9953969,bittleston_M05,bittleston_M05_unfiltered,42,unfiltered
SRR9953970,bittleston_M05,bittleston_M05_filtered,54,filtered
SRR9953971,bittleston_M05,bittleston_M05_unfiltered,51,unfiltered
SRR9953972,bittleston_M05,bittleston_M05_filtered,51,filtered
SRR9953973,bittleston_M05,bittleston_M05_unfiltered,48,unfiltered
SRR9953974,bittleston_M05,bittleston_M05_filtered,57,filtered
SRR9953975,bittleston_M05,bittleston_M05_unfiltered,54,unfiltered
SRR9953976,bittleston_M09,bittleston_M09_unfiltered,36,unfiltered
SRR9953977,bittleston_M01,bittleston_M01_filtered,60,filtered
SRR9953978,bittleston_M01,bittleston_M01_unfiltered,57,unfiltered
SRR9953979,bittleston_M01,bittleston_M01_filtered,51,filtered
SRR9953980,bittleston_M01,bittleston_M01_unfiltered,48,unfiltered
SRR9953981,bittleston_M01,bittleston_M01_filtered,48,filtered
SRR9953982,bittleston_M01,bittleston_M01_unfiltered,45,unfiltered
SRR9953983,bittleston_M01,bittleston_M01_filtered,57,filtered
SRR9953984,bittleston_M01,bittleston_M01_unfiltered,54,unfiltered
SRR9953985,bittleston_M01,bittleston_M01_filtered,54,filtered
SRR9953986,bittleston_M01,bittleston_M01_unfiltered,51,unfiltered
SRR9953987,bittleston_M08,bittleston_M08_unfiltered,57,unfiltered
SRR9953988,bittleston_M08,bittleston_M08_filtered,57,filtered
SRR9953989,bittleston_M08,bittleston_M08_unfiltered,54,unfiltered
SRR9953990,bittleston_M08,bittleston_M08_filtered,54,filtered
SRR9953991,bittleston_M08,bittleston_M08_unfiltered,51,unfiltered
SRR9953992,bittleston_M08,bittleston_M08_filtered,51,filtered
SRR9953993,bittleston_M08,bittleston_M08_unfiltered,48,unfiltered
SRR9953994,bittleston_M08,bittleston_M08_filtered,48,filtered
SRR9953995,bittleston_M08,bittleston_M08_unfiltered,45,unfiltered
SRR9953996,bittleston_M08,bittleston_M08_filtered,45,filtered
SRR9953997,bittleston_M10,bittleston_M10_filtered,33,filtered
SRR9953998,bittleston_M05,bittleston_M05_unfiltered,30,unfiltered
SRR9953999,bittleston_M10,bittleston_M10_unfiltered,63,unfiltered
SRR9954000,bittleston_M10,bittleston_M10_filtered,63,filtered
SRR9954001,bittleston_M10,bittleston_M10_unfiltered,54,unfiltered
SRR9954002,bittleston_M10,bittleston_M10_filtered,54,filtered
SRR9954003,bittleston_M10,bittleston_M10_unfiltered,51,unfiltered
SRR9954004,bittleston_M10,bittleston_M10_filtered,51,filtered
SRR9954005,bittleston_M07,bittleston_M07_unfiltered,60,unfiltered
SRR9954006,bittleston_M10,bittleston_M10_filtered,60,filtered
SRR9954007,bittleston_M10,bittleston_M10_unfiltered,57,unfiltered
SRR9954008,bittleston_M10,bittleston_M10_filtered,57,filtered
SRR9954009,bittleston_M09,bittleston_M09_unfiltered,9,unfiltered
SRR9954010,bittleston_M09,bittleston_M09_filtered,24,filtered
SRR9954012,bittleston_M08,bittleston_M08_filtered,33,filtered
SRR9954014,bittleston_M06,bittleston_M06_filtered,48,filtered
SRR9954015,bittleston_M06,bittleston_M06_unfiltered,45,unfiltered
SRR9954016,bittleston_M06,bittleston_M06_filtered,45,filtered
SRR9954017,bittleston_M06,bittleston_M06_unfiltered,42,unfiltered
SRR9954019,bittleston_M06,bittleston_M06_unfiltered,39,unfiltered
SRR9954021,bittleston_M04,bittleston_M04_filtered,57,filtered
SRR9954022,bittleston_M04,bittleston_M04_unfiltered,57,unfiltered
SRR9954025,bittleston_M04,bittleston_M04_filtered,51,filtered
SRR9954027,bittleston_M06,bittleston_M06_unfiltered,51,unfiltered
SRR9954029,bittleston_M02,bittleston_M02_filtered,27,filtered
SRR9954031,bittleston_M02,bittleston_M02_filtered,30,filtered
SRR9954033,bittleston_M02,bittleston_M02_filtered,33,filtered
SRR9954035,bittleston_M02,bittleston_M02_filtered,36,filtered
SRR9954036,bittleston_M02,bittleston_M02_unfiltered,36,unfiltered
SRR9954039,bittleston_M07,bittleston_M07_unfiltered,45,unfiltered
SRR9954041,bittleston_M09,bittleston_M09_filtered,6,filtered
SRR9954043,bittleston_M09,bittleston_M09_filtered,3,filtered
SRR9954044,bittleston_M08,bittleston_M08_filtered,63,filtered
SRR9954047,bittleston_M01,bittleston_M01_unfiltered,6,unfiltered
SRR9954049,bittleston_M01,bittleston_M01_unfiltered,12,unfiltered
SRR9954050,bittleston_M09,bittleston_M09_unfiltered,6,unfiltered
SRR9954051,bittleston_M09,bittleston_M09_filtered,9,filtered
SRR9954054,bittleston_M03,bittleston_M03_unfiltered,54,unfiltered
SRR9954056,bittleston_M03,bittleston_M03_unfiltered,51,unfiltered
SRR9954058,bittleston_M03,bittleston_M03_unfiltered,60,unfiltered
SRR9954060,bittleston_M03,bittleston_M03_unfiltered,57,unfiltered
SRR9954061,bittleston_M03,bittleston_M03_filtered,60,filtered
SRR9954063,bittleston_M04,bittleston_M04_filtered,0,filtered
SRR9954065,bittleston_M06,bittleston_M06_filtered,36,filtered
SRR9954066,bittleston_M06,bittleston_M06_unfiltered,36,unfiltered
SRR9954068,bittleston_M06,bittleston_M06_unfiltered,33,unfiltered
SRR9954070,bittleston_M06,bittleston_M06_unfiltered,30,unfiltered
SRR9954072,bittleston_M06,bittleston_M06_unfiltered,27,unfiltered
SRR9954074,bittleston_M06,bittleston_M06_unfiltered,24,unfiltered
SRR9954076,bittleston_M03,bittleston_M03_filtered,36,filtered
SRR9954078,bittleston_M01,bittleston_M01_filtered,39,filtered
SRR9954080,bittleston_M01,bittleston_M01_filtered,42,filtered
SRR9954082,bittleston_M01,bittleston_M01_filtered,33,filtered
SRR9954084,bittleston_M01,bittleston_M01_filtered,36,filtered
SRR9954085,bittleston_M01,bittleston_M01_unfiltered,42,unfiltered
SRR9954087,bittleston_M03,bittleston_M03_unfiltered,21,unfiltered
SRR9954089,bittleston_M10,bittleston_M10_filtered,21,filtered
SRR9954090,bittleston_M08,bittleston_M08_filtered,12,filtered
SRR9953691,bittleston_M01,bittleston_M01_unfiltered,3,unfiltered
SRR9953693,bittleston_M01,bittleston_M01_filtered,3,filtered
SRR9953694,bittleston_M01,bittleston_M01_filtered,0,filtered
SRR9953696,bittleston_M01,bittleston_M01_unfiltered,9,unfiltered
SRR9953698,bittleston_M01,bittleston_M01_filtered,9,filtered
SRR9953700,bittleston_M07,bittleston_M07_unfiltered,21,unfiltered
SRR9953701,bittleston_M07,bittleston_M07_filtered,24,filtered
SRR9953703,bittleston_M07,bittleston_M07_filtered,21,filtered
SRR9953705,bittleston_M05,bittleston_M05_unfiltered,9,unfiltered
SRR9953707,bittleston_M07,bittleston_M07_filtered,27,filtered
SRR9953709,bittleston_M05,bittleston_M05_unfiltered,3,unfiltered
SRR9953711,bittleston_M05,bittleston_M05_unfiltered,6,unfiltered
SRR9953714,bittleston_M05,bittleston_M05_filtered,3,filtered
SRR9953715,bittleston_M05,bittleston_M05_filtered,0,filtered
SRR9953717,bittleston_M10,bittleston_M10_unfiltered,33,unfiltered
SRR9953719,bittleston_M05,bittleston_M05_filtered,15,filtered
SRR9953721,bittleston_M05,bittleston_M05_filtered,18,filtered
SRR9953723,bittleston_M05,bittleston_M05_filtered,21,filtered
SRR9953725,bittleston_M05,bittleston_M05_filtered,24,filtered
SRR9953728,bittleston_M02,bittleston_M02_unfiltered,24,unfiltered
SRR9953730,bittleston_M02,bittleston_M02_unfiltered,18,unfiltered
SRR9953732,bittleston_M02,bittleston_M02_unfiltered,21,unfiltered
SRR9953734,bittleston_M02,bittleston_M02_unfiltered,12,unfiltered
SRR9953739,bittleston_M09,bittleston_M09_unfiltered,15,unfiltered
SRR9953740,bittleston_M09,bittleston_M09_filtered,21,filtered
SRR9953744,bittleston_M09,bittleston_M09_filtered,15,filtered
SRR9953746,bittleston_M07,bittleston_M07_unfiltered,54,unfiltered
SRR9953748,bittleston_M07,bittleston_M07_unfiltered,57,unfiltered
SRR9953752,bittleston_M07,bittleston_M07_unfiltered,51,unfiltered
SRR9953753,bittleston_M07,bittleston_M07_filtered,54,filtered
SRR9953754,bittleston_M04,bittleston_M04_unfiltered,3,unfiltered
SRR9953755,bittleston_M04,bittleston_M04_filtered,3,filtered
SRR9953757,bittleston_M04,bittleston_M04_filtered,6,filtered
SRR9953759,bittleston_M04,bittleston_M04_filtered,9,filtered
SRR9953761,bittleston_M04,bittleston_M04_filtered,12,filtered
SRR9953764,bittleston_M05,bittleston_M05_filtered,42,filtered
SRR9953766,bittleston_M09,bittleston_M09_unfiltered,63,unfiltered
SRR9953768,bittleston_M05,bittleston_M05_filtered,33,filtered
SRR9953771,bittleston_M09,bittleston_M09_unfiltered,54,unfiltered
SRR9953772,bittleston_M09,bittleston_M09_filtered,57,filtered
SRR9953773,bittleston_M06,bittleston_M06_unfiltered,21,unfiltered
SRR9953774,bittleston_M10,bittleston_M10_filtered,0,filtered
SRR9953776,bittleston_M09,bittleston_M09_filtered,63,filtered
SRR9953778,bittleston_M06,bittleston_M06_filtered,15,filtered
SRR9953780,bittleston_M06,bittleston_M06_filtered,18,filtered
SRR9953781,bittleston_M06,bittleston_M06_unfiltered,9,unfiltered
SRR9953783,bittleston_M06,bittleston_M06_unfiltered,12,unfiltered
SRR9953785,bittleston_M04,bittleston_M04_unfiltered,24,unfiltered
SRR9953787,bittleston_M04,bittleston_M04_unfiltered,27,unfiltered
SRR9953788,bittleston_M04,bittleston_M04_filtered,18,filtered
SRR9953789,bittleston_M04,bittleston_M04_unfiltered,18,unfiltered
SRR9953791,bittleston_M04,bittleston_M04_unfiltered,21,unfiltered
SRR9953794,bittleston_M01,bittleston_M01_filtered,18,filtered
SRR9953796,bittleston_M01,bittleston_M01_filtered,21,filtered
SRR9953797,bittleston_M01,bittleston_M01_unfiltered,18,unfiltered
SRR9953799,bittleston_M01,bittleston_M01_unfiltered,21,unfiltered
SRR9953801,bittleston_M01,bittleston_M01_unfiltered,24,unfiltered
SRR9953803,bittleston_M01,bittleston_M01_unfiltered,27,unfiltered
SRR9953805,bittleston_M08,bittleston_M08_filtered,27,filtered
SRR9953810,bittleston_M08,bittleston_M08_unfiltered,21,unfiltered
SRR9953811,bittleston_M08,bittleston_M08_filtered,21,filtered
SRR9953812,bittleston_M08,bittleston_M08_unfiltered,24,unfiltered
SRR9953813,bittleston_M08,bittleston_M08_filtered,24,filtered
SRR9953814,bittleston_M05,bittleston_M05_filtered,12,filtered
SRR9953820,bittleston_M02,bittleston_M02_filtered,57,filtered
SRR9953822,bittleston_M03,bittleston_M03_filtered,0,filtered
SRR9953824,bittleston_M02,bittleston_M02_filtered,63,filtered
SRR9953826,bittleston_M07,bittleston_M07_unfiltered,30,unfiltered
SRR9953828,bittleston_M10,bittleston_M10_unfiltered,27,unfiltered
SRR9953830,bittleston_M10,bittleston_M10_unfiltered,30,unfiltered
SRR9953832,bittleston_M10,bittleston_M10_unfiltered,21,unfiltered
SRR9953834,bittleston_M10,bittleston_M10_unfiltered,24,unfiltered
SRR9953835,bittleston_M10,bittleston_M10_filtered,24,filtered
SRR9953837,bittleston_M09,bittleston_M09_filtered,33,filtered
SRR9953839,bittleston_M09,bittleston_M09_filtered,36,filtered
SRR9953841,bittleston_M09,bittleston_M09_filtered,27,filtered
SRR9953843,bittleston_M09,bittleston_M09_filtered,30,filtered
SRR9953845,bittleston_M07,bittleston_M07_filtered,6,filtered
SRR9953847,bittleston_M07,bittleston_M07_filtered,9,filtered
SRR9953850,bittleston_M07,bittleston_M07_unfiltered,9,unfiltered
SRR9953852,bittleston_M07,bittleston_M07_unfiltered,12,unfiltered
SRR9953854,bittleston_M07,bittleston_M07_unfiltered,15,unfiltered
SRR9953855,bittleston_M03,bittleston_M03_unfiltered,24,unfiltered
SRR9953856,bittleston_M03,bittleston_M03_filtered,27,filtered
SRR9953858,bittleston_M03,bittleston_M03_filtered,30,filtered
SRR9953861,bittleston_M05,bittleston_M05_unfiltered,63,unfiltered
SRR9953863,bittleston_M06,bittleston_M06_filtered,3,filtered
SRR9953865,bittleston_M05,bittleston_M05_unfiltered,57,unfiltered
SRR9953866,bittleston_M05,bittleston_M05_filtered,60,filtered
SRR9953867,bittleston_M05,bittleston_M05_unfiltered,60,unfiltered
SRR9953870,bittleston_M05,bittleston_M05_unfiltered,36,unfiltered
SRR9953872,bittleston_M05,bittleston_M05_unfiltered,33,unfiltered
SRR9953880,bittleston_M02,bittleston_M02_filtered,6,filtered
SRR9953882,bittleston_M02,bittleston_M02_filtered,3,filtered
SRR9953884,bittleston_M01,bittleston_M01_unfiltered,63,unfiltered
SRR9953885,bittleston_M02,bittleston_M02_filtered,0,filtered
SRR9953886,bittleston_M01,bittleston_M01_unfiltered,60,unfiltered
SRR9953887,bittleston_M01,bittleston_M01_filtered,63,filtered
SRR9953889,bittleston_M08,bittleston_M08_unfiltered,30,unfiltered
SRR9953892,bittleston_M08,bittleston_M08_filtered,36,filtered
SRR9953896,bittleston_M07,bittleston_M07_filtered,39,filtered
SRR9953899,bittleston_M07,bittleston_M07_unfiltered,33,unfiltered
SRR9953901,bittleston_M07,bittleston_M07_unfiltered,42,unfiltered
SRR9953903,bittleston_M07,bittleston_M07_unfiltered,39,unfiltered
SRR9953905,bittleston_M08,bittleston_M08_unfiltered,42,unfiltered
SRR9953907,bittleston_M07,bittleston_M07_filtered,3,filtered
SRR9953909,bittleston_M10,bittleston_M10_filtered,9,filtered
SRR9953911,bittleston_M10,bittleston_M10_filtered,12,filtered
SRR9953913,bittleston_M10,bittleston_M10_filtered,15,filtered
SRR9953915,bittleston_M06,bittleston_M06_unfiltered,54,unfiltered
SRR9953917,bittleston_M06,bittleston_M06_unfiltered,57,unfiltered
SRR9953920,bittleston_M06,bittleston_M06_filtered,63,filtered
SRR9953922,bittleston_M04,bittleston_M04_unfiltered,36,unfiltered
SRR9953923,bittleston_M04,bittleston_M04_filtered,36,filtered
SRR9953925,bittleston_M04,bittleston_M04_filtered,33,filtered
SRR9953927,bittleston_M04,bittleston_M04_filtered,42,filtered
SRR9953929,bittleston_M04,bittleston_M04_filtered,39,filtered
SRR9953931,bittleston_M04,bittleston_M04_filtered,45,filtered
SRR9953933,bittleston_M02,bittleston_M02_filtered,51,filtered
SRR9953935,bittleston_M02,bittleston_M02_filtered,48,filtered
SRR9953937,bittleston_M02,bittleston_M02_filtered,45,filtered
SRR9953940,bittleston_M02,bittleston_M02_unfiltered,54,unfiltered
SRR9953942,bittleston_M09,bittleston_M09_filtered,54,filtered
SRR9953945,bittleston_M09,bittleston_M09_unfiltered,42,unfiltered
SRR9953946,bittleston_M09,bittleston_M09_filtered,42,filtered
SRR9953948,bittleston_M09,bittleston_M09_filtered,51,filtered
SRR9953950,bittleston_M09,bittleston_M09_filtered,48,filtered
SRR9954011,bittleston_M07,bittleston_M07_filtered,51,filtered
SRR9954013,bittleston_M06,bittleston_M06_unfiltered,48,unfiltered
SRR9954018,bittleston_M06,bittleston_M06_filtered,42,filtered
SRR9954020,bittleston_M06,bittleston_M06_filtered,39,filtered
SRR9954023,bittleston_M04,bittleston_M04_filtered,54,filtered
SRR9954024,bittleston_M04,bittleston_M04_unfiltered,54,unfiltered
SRR9954026,bittleston_M04,bittleston_M04_unfiltered,51,unfiltered
SRR9954028,bittleston_M06,bittleston_M06_filtered,51,filtered
SRR9954030,bittleston_M02,bittleston_M02_unfiltered,27,unfiltered
SRR9954032,bittleston_M02,bittleston_M02_unfiltered,30,unfiltered
SRR9954034,bittleston_M02,bittleston_M02_unfiltered,33,unfiltered
SRR9954037,bittleston_M02,bittleston_M02_filtered,39,filtered
SRR9954038,bittleston_M02,bittleston_M02_unfiltered,39,unfiltered
SRR9954040,bittleston_M09,bittleston_M09_unfiltered,3,unfiltered
SRR9954042,bittleston_M09,bittleston_M09_filtered,0,filtered
SRR9954045,bittleston_M08,bittleston_M08_unfiltered,63,unfiltered
SRR9954046,bittleston_M08,bittleston_M08_filtered,60,filtered
SRR9954048,bittleston_M01,bittleston_M01_filtered,15,filtered
SRR9954052,bittleston_M10,bittleston_M10_unfiltered,6,unfiltered
SRR9954053,bittleston_M10,bittleston_M10_filtered,6,filtered
SRR9954055,bittleston_M03,bittleston_M03_filtered,57,filtered
SRR9954057,bittleston_M03,bittleston_M03_filtered,54,filtered
SRR9954059,bittleston_M03,bittleston_M03_filtered,63,filtered
SRR9954062,bittleston_M03,bittleston_M03_unfiltered,63,unfiltered
SRR9954064,bittleston_M03,bittleston_M03_unfiltered,15,unfiltered
SRR9954067,bittleston_M06,bittleston_M06_filtered,33,filtered
SRR9954069,bittleston_M06,bittleston_M06_filtered,30,filtered
SRR9954071,bittleston_M06,bittleston_M06_filtered,27,filtered
SRR9954073,bittleston_M06,bittleston_M06_filtered,24,filtered
SRR9954075,bittleston_M03,bittleston_M03_unfiltered,33,unfiltered
SRR9954077,bittleston_M01,bittleston_M01_unfiltered,36,unfiltered
SRR9954079,bittleston_M01,bittleston_M01_unfiltered,39,unfiltered
SRR9954081,bittleston_M01,bittleston_M01_unfiltered,30,unfiltered
SRR9954083,bittleston_M01,bittleston_M01_unfiltered,33,unfiltered
SRR9954086,bittleston_M01,bittleston_M01_filtered,45,filtered
SRR9954088,bittleston_M03,bittleston_M03_filtered,24,filtered
SRR9954091,bittleston_M08,bittleston_M08_unfiltered,12,unfiltered
SRR9954092,bittleston_M08,bittleston_M08_filtered,3,filtered
SRR9954093,bittleston_M08,bittleston_M08_unfiltered,3,unfiltered
SRR9954094,bittleston_M07,bittleston_M07_unfiltered,63,unfiltered
SRR9954095,bittleston_M08,bittleston_M08_filtered,0,filtered
SRR9954096,bittleston_M08,bittleston_M08_filtered,9,filtered
SRR9954097,bittleston_M08,bittleston_M08_unfiltered,9,unfiltered
SRR9954098,bittleston_M08,bittleston_M08_filtered,6,filtered
SRR9954099,bittleston_M08,bittleston_M08_unfiltered,6,unfiltered
SRR9954100,bittleston_M03,bittleston_M03_filtered,21,filtered
SRR9954101,bittleston_M03,bittleston_M03_unfiltered,18,unfiltered
SRR9954102,bittleston_M03,bittleston_M03_filtered,9,filtered
SRR9954103,bittleston_M03,bittleston_M03_unfiltered,6,unfiltered
SRR9954104,bittleston_M03,bittleston_M03_filtered,12,filtered
SRR9954105,bittleston_M03,bittleston_M03_unfiltered,9,unfiltered
SRR9954106,bittleston_M03,bittleston_M03_filtered,15,filtered
SRR9954107,bittleston_M03,bittleston_M03_unfiltered,12,unfiltered
SRR9954108,bittleston_M03,bittleston_M03_filtered,18,filtered
SRR9954109,bittleston_M10,bittleston_M10_unfiltered,3,unfiltered
SRR9954110,bittleston_M10,bittleston_M10_filtered,45,filtered
SRR9954111,bittleston_M10,bittleston_M10_unfiltered,45,unfiltered
SRR9954112,bittleston_M10,bittleston_M10_filtered,42,filtered
SRR9954113,bittleston_M10,bittleston_M10_unfiltered,42,unfiltered
SRR9954114,bittleston_M10,bittleston_M10_filtered,39,filtered
SRR9954115,bittleston_M10,bittleston_M10_unfiltered,39,unfiltered
SRR9954116,bittleston_M10,bittleston_M10_filtered,36,filtered
SRR9954117,bittleston_M10,bittleston_M10_unfiltered,36,unfiltered
SRR9954118,bittleston_M10,bittleston_M10_filtered,48,filtered
SRR9954119,bittleston_M10,bittleston_M10_unfiltered,48,unfiltered
